,question,answer,sentiment
0,"Hi, how are you?","I'm just a computer program, so I don't have feelings, but I'm here and ready to help you! How can I assist you today?",skipped
1,"Hello, how's it going?","Hello! I'm just a computer program, so I don’t have feelings, but I'm here and ready to help you with anything you need. How can I assist you today?",skipped
2,What's up?,"Not much, just here to help you out! How can I assist you today?",skipped
3,"Hey, how have you been?","I've been good, thanks! How about you?",skipped
4,"Good morning, how are you today?","Good morning! I’m just a virtual assistant, so I don’t have feelings, but I’m here and ready to help you with whatever you need! How can I assist you today?",skipped
5,"Good afternoon, how's everything?","Good afternoon! Everything's good, thank you. How about you?",skipped
6,"Good evening, how's your day been?","Good evening! Thank you for asking. My day has been quite productive, helping answer questions and assisting with information. How has your day been?",skipped
7,"Hi there, how are things?","Hello! Things are going well, thank you. How about you?",skipped
8,"Hey, what's new?","Not much! Just keeping up with the latest trends and updates in technology. Recently, there's been a lot of buzz about advancements in AI, renewable energy, and space exploration. Anything specific you're curious about?",skipped
9,"Hello, how are you feeling?","I'm a computer-based AI, so I don't have feelings, but I'm here to help you! How can I assist you today?",skipped
10,How's it going?,"I'm an AI, so I don't have feelings, but I'm here and ready to help you! How can I assist you today?",skipped
11,What's going on?,"Things are generally moving along with evolving events in various spheres such as technology, politics, and daily life. Specific contexts would require more detail to provide a precise update. If you have a specific area or event in mind, feel free to mention it!",skipped
12,How have you been?,"I've been doing well, thank you for asking! How about you?",skipped
13,How's your day going?,"As an AI, I don't have feelings or experiences, but I'm here and ready to assist you! How can I help you today?",skipped
14,What's happening?,"Without context, it's hard to specify. If you're asking broadly, in October 2023, people are preparing for upcoming holidays like Halloween and Thanksgiving in many parts of the world. In global news, various geopolitical events, technological advancements, and environmental issues are ongoing. For detailed updates, checking current news sources would provide specific information.",skipped
15,How's life treating you?,"Thank you for asking! Life's been good, busy but productive. How about you?",skipped
16,What's good?,Hey! Things are pretty good on this end. How about you? Anything exciting happening in your world?,skipped
17,How's everything?,"I'm just a computer program, so I don't have feelings, but I'm here and ready to help you! How can I assist you today?",skipped
18,How's your week been?,"I'm just a computer program, so I don't experience weeks like humans do, but I'm here and ready to help you with any questions or tasks you have! How's your week been?",skipped
19,How are you doing today?,"I'm just a computer program, so I don't have feelings, but I'm here and ready to help you with any questions you have! How can I assist you today?",skipped
20,What's the latest?,"As of the latest updates, the conflict between Israel and Hamas has continued to escalate, with significant casualties reported on both sides. Additionally, the global community is closely monitoring the situation in Ukraine, where tensions with Russia remain high. In tech news, Apple just released its new iPhone 15 series, featuring notable upgrades in performance and camera quality.",skipped
21,How's your morning?,"As an AI, I don't have personal experiences or feelings, but I'm here and fully operational to assist you! How can I help you today?",skipped
22,How's your afternoon?,"I'm just a computer program, so I don't have afternoons. But I'm here and ready to help you with any questions or tasks you have!",skipped
23,How's your evening?,"As an AI, I don't have personal experiences, but I'm here and ready to help with whatever you need! How can I assist you tonight?",skipped
24,How are things with you?,"Thank you for asking! As an AI, I don't have personal experiences or feelings, but I'm here and ready to assist you with any questions or tasks you have. How can I help you today?",skipped
25,What's new with you?,I've been learning new ways to improve my responses and assist you better! How can I help today?,skipped
26,How are you?,"I'm an AI language model, so I don't have feelings, but I'm here and ready to help you with any questions or tasks you have! How can I assist you today?",skipped
27,How have things been?,"I've been doing well, thank you! How about you?",skipped
28,How are you holding up?,"I’m just a computer program, so I don't have feelings, but thanks for asking! How can I assist you today?",skipped
29,How's your day so far?,"As an AI, I don't experience days or emotions, but I'm here and ready to assist you with whatever you need. How can I help you today?",skipped
30,What's up with you?,"Not much, just here to help you with any questions or tasks you have. How can I assist you today?",skipped
31,How's it been?,"I'm an AI, so I don't experience time or events, but I'm here and ready to help you with any questions or tasks you have! How can I assist you today?",skipped
32,How's it going today?,"I'm just a program, so I don't have feelings, but I'm here and ready to help you with whatever you need. How can I assist you today?",skipped
33,How's everything going?,"I'm doing well, thank you! How about you?",skipped
34,How are you today?,"I'm just a computer program, so I don't have feelings, but I'm here and ready to help you with any questions you have! How can I assist you today?",skipped
35,How have you been doing?,"I'm doing well, thank you! How about you?",skipped
36,What's new and exciting?,"Advancements in artificial intelligence are rapidly evolving, with GPT-4 demonstrating significant improvements in language understanding and generation. Additionally, space exploration is seeing new milestones, such as NASA's Artemis missions aiming to return humans to the Moon by 2024. Electric vehicles and renewable energy technologies are also making great strides, contributing to a more sustainable future.",skipped
37,How's your week going?,"As an AI, I don't have personal experiences or emotions, but I'm here to help you with anything you need! How can I assist you today?",skipped
38,How's everything been?,"Everything has been going well, thank you! How about you?",skipped
39,How's your weekend?,"As an AI, I don't have experiences or weekends, but I hope yours is going well! Is there anything specific you'd like to know or discuss?",skipped
40,How's your family?,"As an AI, I don't have a family. How's yours?",skipped
41,How's work?,"Work is going well, thanks for asking! Busy but manageable, and there's always something new to learn. How about you?",skipped
42,How's school?,"School is going well, thanks for asking! I'm staying on top of my assignments, enjoying some new subjects, and getting involved in extracurricular activities. It's busy, but I'm learning a lot and making good memories with friends. How about you?",skipped
43,How's your day been so far?,"As an AI, I don't have feelings or experiences, but I'm here and ready to assist you with anything you need! How can I help you today?",skipped
44,What's up today?,Not much! Just here to assist with any questions or tasks you might have. How about you?,skipped
45,How's your morning been?,"I'm an AI, so I don't have personal experiences or mornings. How can I assist you today?",skipped
46,How's your afternoon been?,"As an AI, I don't have personal experiences, but I'm here and ready to help you whenever you need it! How can I assist you today?",skipped
47,How's your evening been?,"As an AI, I don't have personal experiences or evenings. How can I assist you today?",skipped
48,How are you feeling today?,"I'm just a computer program, so I don't have feelings, but I'm here and ready to help you with any questions or tasks you have! How can I assist you today?",skipped
49,What is the best way to brew a perfect cup of coffee?,"For a perfect cup of coffee, use fresh, high-quality beans ground just before brewing. Aim for a water temperature of 195-205°F (90-96°C). Use a 1:15 ratio of coffee to water. Brew using a method like pour-over, French press, or AeroPress for better control. Adjust grind size and brewing time to taste preferences.",skipped
50,How do you make homemade pizza dough?,"To make homemade pizza dough, mix 2¼ tsp of active dry yeast with 1½ cups of warm water (110°F) and let it sit for 5 minutes. Add 3½ to 4 cups of flour, 2 tbsp of olive oil, 1½ tsp of salt, and 1 tsp of sugar. Knead for 10 minutes, let it rise in a warm place for 1-2 hours, and then roll out.",skipped
51,What are the health benefits of regular exercise?,"Regular exercise offers numerous health benefits, including improved cardiovascular health, stronger muscles and bones, better weight management, enhanced mental well-being, reduced risk of chronic diseases such as diabetes and hypertension, and improved sleep quality. Additionally, it can boost your immune system and increase longevity.",skipped
52,How can I improve my time management skills?,"To improve your time management skills, prioritize tasks using a to-do list or time-blocking method, eliminate distractions, break tasks into smaller, manageable steps, set specific goals, and stick to deadlines. Implement the Pomodoro Technique (25-minute work intervals with short breaks), utilize productivity tools or apps, and regularly review and adjust your schedule to enhance efficiency.",skipped
53,What are the top tourist attractions in Amsterdam?,"Top tourist attractions in Amsterdam include the Anne Frank House, the Van Gogh Museum, the Rijksmuseum, the Heineken Experience, and the vibrant Jordaan neighborhood. Other highlights are the historic canals, the Royal Palace, Vondelpark, the Red Light District, and the flower market Bloemenmarkt. Each site offers a unique glimpse into the city's rich cultural and historical tapestry.",skipped
54,How do you start a vegetable garden?,"To start a vegetable garden, choose a sunny location, prepare the soil by tilling and adding compost, select appropriate vegetables for your climate, and plant seeds or seedlings. Water regularly and apply mulch to retain moisture. Ensure proper spacing and keep the garden weed-free. Regularly monitor for pests and apply necessary treatments for healthy growth.",skipped
55,What is the best way to learn a new language?,"The best way to learn a new language involves regular practice and immersion. This includes daily practice through apps like Duolingo, attending language classes, engaging with native speakers, listening to music, watching films, and reading books in the target language. Consistency and real-world application are key to gaining proficiency.",skipped
56,How do you meditate effectively?,"To meditate effectively, sit or lie down comfortably, close your eyes, and take deep, slow breaths. Focus your attention on your breath or a mantra, letting go of any distractions. When your mind wanders, gently bring your focus back. Practice regularly and try different techniques, such as mindfulness, guided meditation, or body scans, to find what works best for you.",skipped
57,What are some tips for reducing stress?,"Some tips for reducing stress include practicing deep breathing exercises, engaging in regular physical activity, maintaining a well-balanced diet, getting enough sleep, setting realistic goals, taking time for hobbies and interests, practicing mindfulness or meditation, and seeking social support by talking to friends or family.",skipped
58,What are the benefits of a plant-based diet?,"A plant-based diet can lead to numerous health benefits, including lower risks of heart disease, hypertension, diabetes, and certain cancers. It often results in better weight management and improved digestion. Additionally, plant-based diets promote a lower environmental footprint by reducing greenhouse gas emissions, and they support animal welfare by decreasing reliance on animal farming.",skipped
59,How can I save money on groceries?,"To save money on groceries, make a shopping list and stick to it, buy in bulk, opt for store brands, use coupons and take advantage of sales, plan meals around what's on sale, avoid shopping when hungry, and consider shopping at discount grocery stores or farmers' markets.",skipped
60,What are the best practices for recycling at home?,"Best practices for recycling at home include: separating recyclables (paper, plastic, metal, and glass) from regular trash, rinsing containers to remove food residue, flattening cardboard boxes, not bagging recyclables in plastic bags, understanding local recycling guidelines, and avoiding contaminating recyclables with items like greasy paper or non-recyclable plastics.",skipped
61,How do you prepare for a job interview?,"To prepare for a job interview, research the company, understand the job description, and review your resume. Practice common interview questions and answers, prepare questions to ask the interviewer, and plan your travel route. Dress appropriately, bring multiple copies of your resume, and arrive early. Finally, practice good body language and be confident.",skipped
62,What are the most popular hiking trails in the Netherlands?,"Some of the most popular hiking trails in the Netherlands include the Pieterpad, the Veluwezoom National Park trails, the Utrechtse Heuvelrug, the Dutch Coastal Path, and the Hoge Veluwe National Park trails. These trails offer a mix of scenic beauty, diverse landscapes, and opportunities to explore charming Dutch villages and natural reserves.",skipped
63,How do you bake a chocolate cake from scratch?,"To bake a chocolate cake from scratch, mix flour, sugar, cocoa powder, baking powder, baking soda, and a pinch of salt. Add eggs, milk, oil, and vanilla extract, then blend well. Stir in boiling water, pour the batter into a greased pan, and bake at 350°F (175°C) for 30-35 minutes.",skipped
64,What are the benefits of drinking green tea?,"Drinking green tea offers several benefits, including improved brain function, fat loss, reduced risk of certain cancers, and protection against cardiovascular disease. It is also rich in antioxidants, enhances metabolic rate, and can aid in reducing bad breath. Additionally, green tea has bioactive compounds that can improve overall health and longevity.",skipped
65,How do you create a successful blog?,"To create a successful blog, focus on choosing a specific niche you're passionate about, consistently providing high-quality and valuable content, optimizing for SEO, engaging with your audience, promoting your content through social media and other channels, and monetizing strategically. Regularly update your knowledge and skills to stay relevant and grow your blog's influence and readership.",skipped
66,What is the best way to clean hardwood floors?,"The best way to clean hardwood floors is by sweeping or vacuuming regularly to remove dirt and debris, and then using a damp (not wet) microfiber mop with a cleaner specifically designed for wood floors. Avoid using excessive water and harsh chemicals as they can damage the wood. Always follow up with a dry mop to ensure no moisture is left behind.",skipped
67,How can I improve my public speaking skills?,"To improve your public speaking skills, practice regularly, focus on your audience, structure your speech clearly, use visual aids, and seek constructive feedback. Additionally, work on controlling your nerves through deep breathing and relaxation techniques, and consider joining a group like Toastmasters for practice and support.",skipped
68,What are the top 10 must-read books of 2024?,"The top 10 must-read books of 2024 are not definitively listed yet as preferences vary widely. However, industry insiders and literary critics often suggest keeping an eye out for new releases by popular authors, winners of major literary awards, and highly anticipated debuts. Stay updated with literary news sources for the latest recommendations.",skipped
69,How do you train a puppy?,"Training a puppy involves consistent routines, positive reinforcement, and patience. Begin with basic commands like sit, stay, and come. Use treats and praise to reward good behavior. Socialize your puppy with different people and environments. Implement crate training and establish a consistent potty schedule. Keep training sessions short, fun, and regular for the best results.",skipped
70,What are the best techniques for watercolor painting?,"Some of the best techniques for watercolor painting include wet-on-wet (applying wet paint on wet paper for soft edges and blending), wet-on-dry (applying wet paint on dry paper for sharper edges), layering (building up color in thin, transparent layers), lifting (removing paint to create highlights), and using salt or alcohol to create texture. Experimenting with different brushes and papers can also enhance your results.",skipped
71,How can I reduce my carbon footprint?,"To reduce your carbon footprint, you can use public transportation or carpool, switch to renewable energy sources, reduce, reuse, and recycle, consume less meat, and opt for energy-efficient appliances. Additionally, reducing air travel, conserving water, and supporting sustainable products and companies can also make a significant impact.",skipped
72,What are the benefits of yoga?,"Yoga offers numerous benefits including improved flexibility, strength, and balance. It can reduce stress and anxiety, enhance mental well-being, and promote better sleep. Regular practice can also aid in weight loss, improve cardiovascular health, and enhance respiratory function. Additionally, yoga can increase body awareness and mindfulness.",skipped
73,How do you make a budget and stick to it?,"To make a budget, list your income and expenses, categorize them (e.g., necessities, savings, leisure), and allocate specific amounts to each category. Use budgeting tools or apps to track your spending. To stick to it, regularly review and adjust your budget, avoid impulse purchases, and set financial goals. Consistency and discipline are key.",skipped
74,What are the top 5 destinations for a beach vacation?,"The top 5 destinations for a beach vacation include:

1. Maldives – Known for its clear blue waters and luxury resorts.
2. Bora Bora, French Polynesia – Famous for its overwater bungalows and stunning coral reefs.
3. Maui, Hawaii – Offers diverse beaches and lush landscapes.
4. Seychelles – Renowned for its pristine beaches and granite boulders.
5. Bali, Indonesia – Popular for its vibrant culture and picturesque shoreline.",skipped
75,How do you care for indoor plants?,"To care for indoor plants, ensure they receive appropriate light, water, and humidity. Place them where they get sufficient indirect sunlight. Water them regularly but avoid overwatering; the soil should be moist but not soggy. Maintain proper humidity and occasionally mist the plants. Use suitable potting soil and fertilize as needed. Regularly check for pests and prune dead leaves.",skipped
76,What are the best exercises for core strength?,"The best exercises for core strength include planks, bicycle crunches, Russian twists, leg raises, mountain climbers, and hanging knee raises. These exercises engage multiple core muscles, improving overall stability, balance, and strength. To maximize benefits, perform these exercises with proper form and consistency.",skipped
77,How do you create a podcast?,"To create a podcast, decide on the podcast's theme and format, acquire recording equipment and software, plan and script episodes, record and edit audio, design cover art, and choose a podcast hosting platform. Upload your episodes to the hosting platform, submit your podcast to directories like Apple Podcasts and Spotify, and promote it through social media and other channels.",skipped
78,What are some healthy breakfast ideas?,"Some healthy breakfast ideas include oatmeal topped with fresh fruits and nuts, Greek yogurt with honey and granola, a smoothie made with spinach, banana, and almond milk, whole grain toast with avocado and a poached egg, or a bowl of mixed fruit salad with a handful of nuts and seeds.",skipped
79,How can I improve my sleep quality?,"To improve sleep quality, maintain a consistent sleep schedule, create a relaxing bedtime routine, limit exposure to screens and bright lights before bed, ensure your sleep environment is dark, cool, and quiet, avoid large meals and stimulants like caffeine before bedtime, and incorporate regular exercise into your daily routine.",skipped
80,What are the top tips for writing a novel?,"1. Outline your plot.
2. Develop well-rounded characters.
3. Set a writing schedule.
4. Write regularly, even if it's minimal.
5. Embrace feedback and revisions.
6. Read regularly.
7. Stay persistent and patient throughout the process.",skipped
81,How do you repair a leaky faucet?,"To repair a leaky faucet, first turn off the water supply and cover the drain. Use an Allen wrench or screwdriver to remove the handle. Replace worn-out parts like the cartridge, washers, or O-ring, depending on the type of faucet. Reassemble the faucet and turn the water supply back on to test for leaks.",skipped
82,What are the benefits of volunteering?,"Volunteering offers numerous benefits including personal satisfaction, skill development, networking opportunities, and improved mental health. It also helps build a sense of community and can enhance your resume. Through volunteering, individuals can gain new perspectives, experience personal growth, and make a positive impact on society.",skipped
83,How do you make homemade pasta?,"To make homemade pasta, mix 2 cups of flour with 3 large eggs and a pinch of salt. Knead the dough until smooth, then let it rest for 30 minutes. Roll it out thinly and cut into desired shapes. Cook in boiling salted water for 2-3 minutes, until tender. Enjoy!",skipped
84,What are the best ways to stay motivated?,"The best ways to stay motivated include setting clear, achievable goals, breaking tasks into smaller steps, maintaining a positive mindset, rewarding yourself for progress, staying organized, surrounding yourself with supportive people, and regularly reflecting on your progress and reasons for your goals. Additionally, maintaining a healthy lifestyle through exercise, proper nutrition, and adequate sleep can also boost motivation.",skipped
85,How do you prepare for a marathon?,"To prepare for a marathon, gradually increase your running distance over several months, follow a training plan, eat a balanced diet, stay hydrated, get enough rest, incorporate cross-training and strength workouts, and taper your runs as race day approaches. Make sure to also test out your race day gear and practice with nutrition and hydration strategies.",skipped
86,What are the top fashion trends for 2024?,"Top fashion trends for 2024 include sustainable and eco-friendly materials, retro-inspired styles from the '70s and '90s, bold colors and prints, oversized and layered clothing, and gender-neutral designs. Expect to see statement accessories, tailored blazers, and comfortable athleisure wear dominating the fashion scene. Vintage and upcycled fashion will also continue to gain popularity.",skipped
87,How do you organize a successful event?,"To organize a successful event, start by defining clear goals and objectives. Create a detailed plan covering budget, timelines, venues, and logistics. Promote the event through various channels, ensure a smooth registration process, and coordinate with vendors and staff. Finally, conduct a thorough review and gather feedback for future improvement.",skipped
88,What are the benefits of drinking enough water?,"Drinking enough water offers numerous benefits, including proper hydration, improved digestion, better skin health, enhanced kidney function, and regulated body temperature. It also aids in maintaining energy levels, reducing headaches, and supporting overall physical performance. Additionally, staying well-hydrated can help with weight management and improve cognitive function.",skipped
89,How do you create a balanced meal plan?,"A balanced meal plan includes a variety of foods from all food groups: fruits, vegetables, lean proteins, whole grains, and dairy. Ensure portion control and nutrient diversity. Incorporate healthy fats and limit sugar and sodium intake. Drink plenty of water and consider portion sizes to maintain a healthy weight. Adjust based on dietary needs and preferences.",skipped
90,What are the best tips for traveling on a budget?,"To travel on a budget, book flights and accommodations in advance, use public transportation, eat like a local, avoid tourist hotspots, travel during off-peak seasons, and use travel rewards or cashback programs. Also, consider staying in hostels or using platforms like Airbnb, and save money by preparing some of your own meals.",skipped
91,How do you practice mindfulness?,"To practice mindfulness, you can start by setting aside a few minutes each day to focus on your breathing. Sit quietly, inhale deeply, and exhale slowly. Pay attention to the sensations in your body, and gently bring your mind back when it wanders. You can also practice mindfulness through activities like walking, eating, or meditating, by staying present in the moment.",skipped
92,What are some easy DIY home improvement projects?,"Some easy DIY home improvement projects include painting a room, installing new hardware on cabinets, replacing old light fixtures, adding a backsplash in the kitchen, creating a gallery wall with photos and art, and installing shelves for additional storage. These projects typically require minimal tools and can be completed in a weekend.",skipped
93,How do you stay productive while working from home?,"To stay productive while working from home, maintain a structured routine: set specific working hours, create a dedicated workspace, take regular breaks, minimize distractions by limiting social media use, use productivity tools like to-do lists or time-tracking apps, and stay connected with colleagues through virtual meetings and chats.",skipped
94,What are the benefits of spending time in nature?,"Spending time in nature offers numerous benefits including reduced stress, improved mood, enhanced cognitive function, increased physical fitness, and a boost in mental well-being. It can also promote creativity, support better sleep, and strengthen the immune system by increasing exposure to natural environments and fresh air.",skipped
95,How do you make a perfect omelet?,"To make a perfect omelet, whisk 2-3 eggs with a pinch of salt and pepper. Heat a non-stick pan with a little butter over medium heat. Pour in the eggs and let them set for a few seconds. Gently stir and allow to cook until mostly set. Add fillings, fold the omelet, and cook until fully set. Serve immediately.",skipped
96,What are the best ways to improve your handwriting?,"To improve your handwriting, practice regularly using lined paper, focus on consistent letter size and spacing, maintain a relaxed grip, and take your time. Try copying text or using handwriting worksheets, and ensure you are sitting in a comfortable and correct posture. Using good-quality pens or pencils can also make a difference.",skipped
97,How do you build a birdhouse?,"To build a birdhouse, cut wood to desired dimensions for front, back, sides, roof, and floor. Assemble using screws or nails, ensuring the entrance hole is appropriately sized for the targeted bird species. Attach the roof, leaving ventilation gaps, and optionally paint it with bird-safe paint. Mount securely on a tree or post at a safe height.",skipped
